w,0.0,0.025,0.05,0.075,0.1,0.125,0.15,0.175,0.2,0.225,0.25,0.275,0.3,0.325,0.35,0.375,0.4,0.425,0.45,0.475,0.5,0.525,0.55,0.575,0.6,0.625,0.65,0.675,0.7,0.725,0.75,0.775,0.8,0.825,0.85,0.875,0.9,0.925,0.95,0.975,1.0
0.0,-0.009323636679311171,-0.0013428776503945884,0.01396638789215096,0.019454050018892218,0.025683470509890723,0.02618850557586992,0.045814351405648907,0.049452404993417264,0.04693592181436446,0.06654238179546028,0.0582419501810649,0.07021522878708962,0.07899023052982951,0.08688570892595691,0.08329913492291148,0.09575751174176998,0.09992154217615037,0.10715099448537903,0.10141765891375247,0.10937606206755172,0.11809141980099028,0.10699364927257499,0.11314165572360264,0.11406467023350349,0.11855456422654234,0.11924674937343853,0.1251947893927379,0.12489059709222476,0.13812177621281369,0.11877991766773567,0.14504018247488942,0.12327235789766121,0.1373661809432292,0.12598455838982955,0.14143733152021196,0.1351752785202765,0.14123137778112627,0.14500218010999963,0.13933609444887515,0.1454637468449419,0.14786995370395095
0.025,0.0502556289278281,0.05669683525407884,0.06394093117771546,0.07248440532641577,0.08130798941812144,0.08744166284632304,0.1022958858366319,0.10816285537007148,0.10756639092755459,0.1124776782031563,0.13143407500089366,0.13484523432398957,0.13929467945865975,0.1584511535986376,0.16043900925338403,0.17079922626997293,0.17196860997279645,0.17943398669649427,0.17548268283289334,0.18273458404343482,0.19735104634525624,0.20494030479129483,0.19777405523376268,0.20402409879545497,0.20322292165967176,0.22450517620426,0.22143511139453692,0.21631225459597686,0.22086681759025684,0.2311919935775096,0.23798096843298908,0.23727702683589805,0.24269156922732885,0.2505683779318763,0.24939623875373046,0.24644414397447348,0.23966951281013005,0.2527196165619269,0.24769269225555343,0.2479942143293876,0.27071770594941225
0.05,0.0851896521059127,0.08796886408333884,0.0993232205676335,0.10262041796608895,0.12714594726280465,0.12596757524282973,0.14172109699322422,0.14205646851862275,0.15833642708446244,0.17140192954920605,0.19259987763196523,0.18839639613904458,0.20219004495713658,0.20545212529806076,0.2153828711838914,0.21484377870809554,0.2394325339049929,0.23912399610097726,0.24481124984007174,0.2579389056771088,0.2642572242529247,0.26470340480620275,0.2605501659845038,0.2955399364922394,0.2935763509725698,0.2683096965426693,0.30746504793287033,0.2804112679903747,0.31672622054482863,0.324577822469763,0.30951937110050864,0.3312552151727716,0.30918773973260544,0.3143456965140164,0.3127046267200041,0.3289495532157642,0.3196111585568504,0.36318496696146096,0.32988561737689737,0.34184831207295674,0.3377339367987345
0.075,0.10703425912691768,0.10374452992633419,0.12879133008405255,0.1398222444381335,0.14387936739487825,0.1499105832901727,0.18089568817044085,0.18236455326575945,0.20454600059024505,0.20745442177598777,0.2087410235790531,0.22130469088342405,0.24084480882920764,0.24447424074556384,0.26751395214705387,0.28038339431942766,0.26111194508098856,0.3089648122916957,0.3025636967452371,0.3191389478331285,0.3286381106833734,0.314641537652548,0.30929302193066766,0.34027551556437186,0.3481720897681744,0.35809312671156274,0.346399601766129,0.35362119017669613,0.36714073321167867,0.37405789811194545,0.36408568103509953,0.401628200936026,0.401058624940083,0.3910514503009461,0.3592708042234231,0.41180579668736045,0.39917351336815227,0.40163190564690515,0.3931599786707546,0.39502600847497865,0.4085185830326204
0.1,0.13623476432549897,0.12170305279973218,0.14581824461604326,0.15912856844364914,0.17309696392157592,0.1883928012665331,0.195872309953653,0.20973145458890755,0.23487298144664717,0.23490651147166658,0.25560528869641097,0.2670644493989575,0.27612451531390264,0.29351079764511845,0.29133518850469703,0.29197931796076954,0.3127919408508807,0.33552329916688195,0.3427135454678822,0.3691224476558057,0.4080686164785822,0.36215184596780253,0.4078496705625978,0.39040781949141956,0.4089005817859075,0.42191610241153554,0.4056328850588556,0.43084038618679826,0.43415491602556694,0.4232745799216996,0.41828837682420494,0.4379728554845314,0.42284762325468794,0.44938611586567107,0.44741039113796016,0.48367533098789295,0.45085114287497957,0.4663866768500411,0.4693606144269671,0.49827774182069307,0.47630890219099525
0.125,0.1526091449548263,0.14984910655001024,0.17651658912568607,0.18632411153229975,0.19770054455674488,0.2191518422846232,0.2241997124109259,0.2512071289427255,0.26418901131493844,0.270730101287005,0.2893370086053615,0.3129992024792712,0.33320497303451374,0.3443430937968575,0.3598647760719336,0.3817711312616278,0.3773856271793682,0.3734826987095063,0.4056277659138525,0.41329653703978486,0.4048350696747937,0.41804159922191364,0.44630217978581604,0.44457933144265055,0.4409698324309104,0.44956461206026815,0.4669889668217938,0.471468431863089,0.4766847100528476,0.4684509716977268,0.5349885619033812,0.5202915234473009,0.5057080823003361,0.5191687608066546,0.5270312740008307,0.5320384071836141,0.5488825428722618,0.5263696355447165,0.536028865402319,0.5493948468048984,0.5796195644479134
0.15,0.17599665962090533,0.173442115836868,0.1725011988441324,0.19112171646490983,0.2293207725553191,0.23719122411000573,0.252742139559715,0.27601126411735655,0.2738185750949802,0.30807026526949577,0.31624346494212324,0.35473638832282844,0.3540109235687499,0.3769934426870489,0.3770862211696991,0.40638967162516976,0.4182304286567607,0.4443964690266443,0.4340792565157757,0.4476945563164276,0.4972111917612482,0.4876452333641816,0.4971740192163849,0.5222892962634139,0.5124427363339262,0.5238137037955235,0.5218907123301665,0.522674104897852,0.5834439092074449,0.5591277577468802,0.5873439274927656,0.568931296234084,0.5525409176254994,0.5840141549546954,0.624305286696241,0.6104628801985523,0.6126010488793382,0.6469403660798352,0.6269671731946928,0.6303191708865766,0.648923962137216
0.175,0.19984694913396286,0.19009196167002523,0.20066244024962024,0.22681371434954525,0.235245988330938,0.2584308930176085,0.2919854971524504,0.3019264248336019,0.30435810530680313,0.3324212056206039,0.3302024958493796,0.3749176792563285,0.3625400973713775,0.41450502902512015,0.4339039825417045,0.4271783862573282,0.4522625543915392,0.46518488422635657,0.5187907601234012,0.5073144854103868,0.5051234203649171,0.5449765725620264,0.5550087315042656,0.5613730399415384,0.5740247840763498,0.5519510551158437,0.5983278202817086,0.5911033531674196,0.5990109096609955,0.6395713578225056,0.6362817888947501,0.620859157725891,0.6212848836300394,0.6387249592831885,0.653915391431041,0.6446201043384526,0.6746936585524549,0.6878053805651219,0.6536115623811465,0.690323964940165,0.7395198013420647
0.2,0.17649228052470237,0.2078941452029462,0.18676499971343763,0.24728180389370416,0.23204142397876557,0.2752219972176991,0.24540682177513154,0.3165135052916444,0.3089193875173323,0.38132462129449596,0.3589426513480915,0.3978130468771141,0.3669952713980772,0.46056520766075804,0.43754472355744345,0.44987527569380154,0.46639976152051926,0.505799024035411,0.497640497376133,0.5511508030520536,0.5269193925620864,0.5906388510784557,0.5661472101751259,0.5931076225395934,0.5752688778665404,0.6279763077854992,0.6510952018611019,0.6493200012210654,0.6655458686053773,0.6489209453220648,0.6416914275346055,0.6848294841295657,0.6755857157128565,0.6816891194039995,0.7198835044983045,0.684103044562858,0.7116531960079533,0.7118715339945538,0.7227770889455581,0.7446568807085875,0.750776691633333
0.225,0.24326588221560205,0.2327345287355937,0.2373219270917567,0.2520143963920921,0.2923732017927468,0.30802084198536345,0.351908397827673,0.3567056165738961,0.38602016622399205,0.40720466796068916,0.4324328219024887,0.4328279741484309,0.433869189684893,0.47950553947653457,0.4935977270739436,0.500139684412518,0.5206829054238858,0.5759179464402688,0.5991162814161671,0.5776590772494156,0.5876594457054474,0.629643501320838,0.6428268727392444,0.666057854991721,0.6425781665177831,0.6619630971925297,0.6884988422199961,0.6931910771889427,0.7119896477765013,0.7266588529457257,0.7284908731612362,0.7582401009996477,0.771108761540118,0.7558036742833568,0.7704506637764578,0.745414557334851,0.7912402283538224,0.7759250224487854,0.7698956533013791,0.783747922652816,0.8179680119250642
0.25,0.2650717454802327,0.2560347077632939,0.26988555112669815,0.2802973055064583,0.3056847274229992,0.34054099186729114,0.334662811847485,0.3947138699971351,0.40531287556088447,0.43137826718518,0.45863804630919136,0.4761090097244438,0.5039425840590935,0.5424388417546857,0.545908062346406,0.5646573896335705,0.5836622772824722,0.6385367530176632,0.607195267895439,0.6630973047014732,0.6564601820897945,0.6799668514955246,0.6914082814918491,0.6860768974326558,0.6972654288593741,0.7329687492396297,0.7114052259110547,0.7357427672307959,0.7393074830510267,0.7540783162123094,0.7754716782630585,0.7818004569054711,0.796787772782083,0.7786519093290014,0.792351697541385,0.7932230478956666,0.8073028786819284,0.7985749904744514,0.8289936390458708,0.8045436425863353,0.85521092226542
0.275,0.2742447803964994,0.26374361995748613,0.2831101332953738,0.30819364443562214,0.3289353499399867,0.3638220022373565,0.3791146078304806,0.4127345411154271,0.43470177194339055,0.4687847314220884,0.4907242465140008,0.5042671535977157,0.5025421566412207,0.5623330055226016,0.5625122743488516,0.5980904371674076,0.646266400189959,0.6429512820176271,0.6427662462502525,0.6780653864832744,0.7136517157421088,0.7161585321067234,0.7098446838187406,0.7544185265659248,0.7650512061205849,0.7346030162457925,0.7703522021760116,0.7925486519757765,0.7758908228974238,0.808103106624774,0.8015425626832148,0.8103326812457456,0.8350603437895728,0.8333065988795366,0.8247231366849505,0.8191185456730958,0.8307007607876762,0.8310615236909314,0.8458707036107952,0.8440000883729698,0.8714391791461071
0.3,0.2770048626754214,0.27654634961953245,0.2659317726936925,0.32203123368709374,0.3000554136173856,0.36416302192353567,0.3813142719309161,0.4196041854801616,0.44646224769970233,0.48245946471810036,0.504830326434166,0.540371589566453,0.5227945797795999,0.5893771283878554,0.6154263879049953,0.6333090844388665,0.6730571663603384,0.683943146940593,0.6825389421610929,0.722680628048607,0.7460271767130436,0.7370119873765076,0.7757371864398341,0.7834160358638227,0.7626190740916403,0.8015662156217742,0.7572576359326478,0.7941471573311862,0.8403285864069115,0.8547917358802578,0.838277147756527,0.832369673073146,0.8493045355526213,0.852449179306732,0.8551249223187564,0.8712302890334668,0.8740136319673782,0.8612416800242622,0.8754804338702226,0.8935803954808289,0.8779188452190095
0.325,0.3096763608576266,0.29441881220697774,0.3122522617331256,0.3300866110214946,0.3721343470911049,0.405358229580505,0.44037290116525585,0.4749826039603659,0.4825967825327128,0.5062943001151968,0.5350764673821523,0.5571221743790642,0.604687716237958,0.6369076107095838,0.6274763865339782,0.6817734914912105,0.6847117350775522,0.7475011816492497,0.7442768233073154,0.7404630362300488,0.7503038622669536,0.7665297796698665,0.7605614712615919,0.8054152225708368,0.8258030994485009,0.8154557082841049,0.8030010272082989,0.8261558763238387,0.8495176240078498,0.870982025418637,0.8391597399553606,0.8691519037950641,0.8615146338751337,0.9007295109701839,0.8672762235112661,0.8805187059860302,0.8817465408542949,0.8912728052730178,0.8877967100189118,0.8904848603780419,0.9008758689194974
0.35,0.33473261602133747,0.31669938496071953,0.35009546725504403,0.36187945999904336,0.385360784632659,0.4238493586455456,0.45175456711359296,0.5000326753807874,0.47801131753365916,0.5394644328084293,0.5872091089150242,0.5984373377149953,0.6334420709567498,0.6589695766664391,0.6736523058113811,0.7219976881787342,0.6997102540054689,0.7195825509627836,0.7905243925630441,0.7707467184155097,0.7812072299176739,0.7930900193142097,0.8329389557517223,0.8301424548898684,0.8533004754619288,0.8533293854325702,0.8515978007183999,0.8617678817667352,0.8663598584865375,0.8824078184368148,0.8772635873634543,0.879479163817864,0.8876188164159574,0.8943802556645782,0.8973292004368428,0.8955919427678268,0.9037962440719611,0.9110839217500274,0.9032396725664635,0.9123458580098952,0.9163855089715672
0.375,0.3500945811892077,0.3393273541950871,0.36332521333779966,0.4079454530414914,0.39613577811703526,0.4310973790120832,0.500681965643443,0.5175942768184744,0.5427252426232653,0.5484534323112066,0.5816405351403299,0.5974460661554535,0.6747476679957592,0.6737089028233352,0.7030655507878656,0.7260404347079432,0.7705571535938619,0.7663685666160054,0.7909319227997645,0.7980934548400185,0.7916672544052388,0.8118057691527815,0.8329287070216675,0.8340478719876023,0.858016725361096,0.8678201078484505,0.8721899231551482,0.8747261666793661,0.880738018627726,0.9084593434870933,0.8828277171947329,0.8971174078057247,0.9011988240932071,0.9109717956782785,0.8975738766942691,0.9089476318219943,0.9031692876263262,0.9206628397166046,0.9197613612312914,0.919681541042499,0.9184780891633395
0.4,0.37338722650532014,0.3349311212549661,0.38265439813032415,0.3834839988740642,0.42658032578232274,0.49386773542710294,0.5000990964221512,0.5553814428170799,0.5824058071152842,0.6168599111705277,0.6244555995816868,0.6465746440913983,0.6816860671988664,0.6908157538946189,0.7624778877939592,0.7559900853729918,0.7724421848445437,0.7761990470038356,0.8086553175641658,0.8148519982954744,0.8309153801221474,0.8382933190388026,0.8657263572934902,0.8791176484781495,0.883546918950184,0.8727380438727766,0.8899757356732165,0.8699457912213044,0.8925060905097837,0.896091062384117,0.9065622685829398,0.9049427055810332,0.9104969752335985,0.923029877774255,0.9180601485927362,0.9149771715941699,0.9322149287185415,0.9147962897488983,0.9274888978093139,0.9239593225463503,0.9358110657999672
0.425,0.3637530006645499,0.37013115642616917,0.36953203879018665,0.41757515486263996,0.45931164457644247,0.48077536670136517,0.5029547966084116,0.5916557502488635,0.5724081167150545,0.6689424472087777,0.6660991207744428,0.6888407834813857,0.6853825824884427,0.7294074986051153,0.772333570110064,0.7768359719077912,0.8039368643070196,0.7997839774451884,0.837180035209456,0.8357411393508951,0.8543045288348239,0.8754650276179228,0.873380165626356,0.8852964922267772,0.8731270282918071,0.8828682000724954,0.8953115134118812,0.9038860605317993,0.9091425125747559,0.8986678797359583,0.9123833611971175,0.9289042471692514,0.9089281145775131,0.9270694640938135,0.9156791988398124,0.9276501161094721,0.9347231081986193,0.9332461961163523,0.9389435992558853,0.9222373227434113,0.9379991229150912
0.45,0.39333361623528923,0.3794678478137529,0.3864112300342028,0.44445294103390304,0.4507869494934294,0.505482681772324,0.5357145062650248,0.5713888611685113,0.5883691958340301,0.6138786966774049,0.6967358019315937,0.699421897939691,0.7322257775642381,0.7355171287808167,0.7978821473342818,0.7896616517351686,0.8251258309469877,0.8234092859479915,0.8375919848923402,0.8573501385202246,0.8640906786023534,0.8646570499946249,0.8811363328428032,0.870456359768784,0.8900787909059712,0.9167513246026371,0.918788629376843,0.9141932461144735,0.9179769148233422,0.9136141106862018,0.9275202874155039,0.9302730269948565,0.9240650854865805,0.9331092233372799,0.9338351582580451,0.9326749537440767,0.9355899951614242,0.9364725211653648,0.9419926907161013,0.9449345919648173,0.9449504573001402
0.475,0.4064210117863858,0.40985704261019246,0.4243355723566856,0.4513602156495227,0.46426741827292256,0.5120555224033579,0.5967921441553595,0.6043742839950305,0.6190944633356698,0.6793008267178358,0.7276278886045872,0.7264291814324066,0.7591240183616589,0.7754417838761098,0.8078342884175271,0.8146025408535779,0.8298504879631439,0.8498946037052243,0.8319666861629486,0.8570809932255107,0.8713727315294802,0.8898280793461524,0.889418109492796,0.8960054034938455,0.8958861610897123,0.8953303572003293,0.9102416454220865,0.9141255053530567,0.9274680143671437,0.9271056359629756,0.9295357015778349,0.932512309375067,0.9306393716097807,0.929579713931571,0.9439289825297418,0.9377326923565388,0.9378415137837258,0.9385067266800443,0.9440957932120205,0.942846515982524,0.9474036953714449
0.5,0.41763163009631726,0.3913325937247895,0.43207429837466554,0.47787683475856063,0.5055093006232634,0.5383764040504009,0.5783375528580986,0.5976912467531327,0.6511290436263348,0.7133638344407786,0.7524969873430812,0.7451142500805411,0.7997032406554482,0.773740812314992,0.7989544318186925,0.8368438705345201,0.8508612697915588,0.8623466474749809,0.8561405435811659,0.8887419248475339,0.8725759741213527,0.8993839906450823,0.9020465168406063,0.9207125630047488,0.9106501984194547,0.9140804504211985,0.9318771219997816,0.9122596371351247,0.9225028964208694,0.9319516725539585,0.9337159518175929,0.9370878241599266,0.9369139256669806,0.9390753562310408,0.9419583845479874,0.941434641763062,0.9436391836967445,0.9484608274745306,0.9512794829687768,0.9418750279902013,0.9445217754326196
0.525,0.4264970706785452,0.40954224114117493,0.44813931767544557,0.46348788029393934,0.5499954156074656,0.5518011545069647,0.5962250572585808,0.6257186596124823,0.6852981472333092,0.7271917276038831,0.7320986368588649,0.7483350476622876,0.7760513096277086,0.8091554956163027,0.8355279571370317,0.8271130596936994,0.8472481594310123,0.8718458694289694,0.893411277024687,0.9040944267488112,0.8886054218369207,0.8696400211478157,0.9147997971858479,0.9070719717507207,0.9163586439792637,0.9162134762785004,0.9167016217297727,0.9187106114277434,0.9269522137437666,0.9347490802677298,0.9308965835091529,0.9377559183165263,0.9381544758090723,0.9418893760782173,0.9395600013407414,0.9418233442424467,0.9378865866276246,0.9497885174977116,0.9442578321346918,0.9447236224290502,0.9508852397261247
0.55,0.444309448991229,0.42490514562953385,0.446001154940186,0.5049154523653635,0.5299090148665464,0.5912895404832212,0.6176483760043413,0.6874133706880728,0.6885525904104115,0.730892041557733,0.7733576223369086,0.769288004365764,0.8126681935941842,0.828865814904253,0.8437770133470359,0.8519347355880387,0.8752678249638419,0.8887681852520557,0.8866339717127774,0.892607162071799,0.8971288905410485,0.914183095852689,0.9201010710469089,0.9297967417495379,0.9187645303632762,0.9278720170862363,0.9239353929480405,0.9225624586373169,0.9322988425111746,0.9398372818341674,0.9337512261544627,0.9352743813451819,0.9403113445833708,0.9434933772543664,0.9445850731517768,0.942537243834974,0.9503017277217108,0.9495064369385511,0.9482712275253774,0.9471062104814526,0.9504184435180786
0.575,0.46173336614738325,0.44172418377691564,0.4672185189834624,0.4967278220300855,0.5094037202837727,0.597685196167851,0.6491231833502663,0.6741847071767404,0.7334004501156755,0.7258460954991202,0.7682470369101584,0.7861084566330666,0.7981328116045713,0.8303718206333298,0.8600027311554884,0.8666828602025036,0.8722834902389401,0.8794135997591076,0.8809649502975083,0.8874502661877487,0.8933637865073616,0.9160472332315615,0.9188523329991796,0.9218963212968112,0.9268465054172207,0.9305105678954657,0.9249930507462267,0.9401949200667148,0.929661939334696,0.934075406210773,0.9387446869850383,0.9406465169318516,0.9433300516635115,0.9491797605574839,0.9473765308011199,0.9473548051924017,0.9502905590528091,0.9491990166380314,0.9491734975967704,0.9522179860233814,0.9521905213603946
0.6,0.45328276060176126,0.43955377986842,0.46900206452908155,0.5195260182505038,0.5638589929061532,0.621501328517424,0.6488460421146846,0.70360077384134,0.7331111872749222,0.7777350190790243,0.792255328589132,0.847510531510877,0.8384077719617452,0.844290846133298,0.8575376754149586,0.8878777521714063,0.8932545837591488,0.9104113610005655,0.9016520858922653,0.9049545504578157,0.9182415524336669,0.921892400474109,0.9275062700437666,0.9273926935664034,0.9314547837493943,0.9267528003308186,0.936488925796931,0.9415637461737284,0.9388002831933734,0.9451616879103083,0.9408962299541604,0.9433272781001557,0.9452122200834526,0.9492292728178107,0.9485014001928808,0.9483189700854914,0.9454804839926236,0.9503458419536213,0.9505582036913359,0.9452987553749487,0.9560478996354317
0.625,0.4724481129891398,0.4496008233017296,0.5028062455000453,0.5377650245531205,0.5781831884061689,0.592236550348162,0.682301721238272,0.7182768179148654,0.7281675087745217,0.7796590742230928,0.7827814551381105,0.8119786588697481,0.8438555093650544,0.8134400951913393,0.8716290844793761,0.8759617476429652,0.8882019965107747,0.9086713309961075,0.9140937918502126,0.9203940213598906,0.9094624577663455,0.9183822608150725,0.9307249972506806,0.9255320995980021,0.9344563818223646,0.9327790770745336,0.9362163261425503,0.9363544199638082,0.9407631229374009,0.9390860589500999,0.9437450243084654,0.9473877842489684,0.945747857999956,0.9503447637972737,0.9498832135686502,0.9501410856276398,0.9498914045266355,0.9526508942790151,0.9506592318835394,0.9504115469480604,0.9525971105377689
0.65,0.49211048946515024,0.47454606695720936,0.5412888123105276,0.5479684382996555,0.5813591089098296,0.6350949143453483,0.6958006909535864,0.7148255854399442,0.7362812069480141,0.7492829049247172,0.8221477736340943,0.82065213129372,0.8525008242690331,0.8713701715512211,0.8778249977337415,0.8790897088143586,0.889801367988261,0.9104847677958188,0.9091185371672676,0.9101723973444488,0.9253759421665575,0.9203129180743738,0.9317241829501,0.9395350742681451,0.9379947224071609,0.9324696381553884,0.9431866204641033,0.9383604682038291,0.9389433463881279,0.9435641640059782,0.9455339680445854,0.9496727720023745,0.946785325685953,0.9490654383319943,0.9483175867730126,0.9520168854502988,0.952048935795257,0.9513440647111042,0.9523989603130836,0.9518906446827422,0.9568502221093637
0.675,0.4972530396800988,0.48879174222095473,0.5015564684476844,0.5932149011266085,0.6170089656991581,0.6557519556939708,0.7014720616837261,0.7130428994323859,0.7608324520774311,0.811315901018171,0.826366342215023,0.8439428442423537,0.8704015645693566,0.8619986677866189,0.8968118855972567,0.8845705121081578,0.896754650678392,0.9066876700757365,0.9109248447176813,0.9211053027591894,0.9253312667703678,0.9334856495685148,0.9277887200782807,0.9371231835024929,0.9346037130796507,0.9417242815280417,0.9383158350487444,0.9390773560222384,0.9412389265238357,0.946191716832335,0.9484696898191375,0.9462906036995746,0.9482457808613665,0.9482699968474588,0.9516415167111743,0.9515287857691306,0.9503150476082355,0.9544950744998805,0.9537365112780486,0.9539261343226116,0.9561562624400063
0.7,0.4999115613304626,0.4934233272699383,0.5177409891592396,0.5501435867909783,0.6029810353183456,0.6766020532989928,0.6874459842827211,0.7496710208099545,0.8009830695137453,0.8052015640665484,0.8348228600116678,0.8387364193459491,0.8647827223134248,0.8818210547254942,0.8884135591921699,0.9093992345648122,0.9111574295572756,0.9076746160133223,0.9291644417655117,0.9301390978366886,0.9225087995712741,0.9209748111937219,0.9357082402712831,0.9375177353656061,0.9416949684925455,0.9407255440280917,0.9418902241361483,0.9411846244201033,0.9467146863133762,0.9475326964681307,0.9404778768054107,0.9493312034659372,0.9512526997151081,0.9448987750826737,0.9483218149307032,0.9515821314932539,0.9532727815106233,0.9531843284039213,0.9545944103218363,0.9531243093043642,0.958237397559425
0.725,0.5033542045148316,0.5032380691092376,0.5755611576470545,0.5724418003376378,0.6248387958784588,0.687036916368058,0.7287295152335785,0.7628539304114657,0.808380108004521,0.7953612835198921,0.8394646050834148,0.8596771845948676,0.8767759405239671,0.877173681771474,0.895132574293151,0.9019426268642727,0.9031462541395607,0.9166213608509056,0.9224929941340938,0.9322779893820861,0.93616306396844,0.9402348160739942,0.936033502338803,0.9331797443294924,0.9379426398511826,0.9394309643983668,0.939323530431974,0.9408679271240001,0.9449198386253631,0.9449467056161898,0.9492300255285339,0.9521539919050699,0.9503025001427102,0.9520784432207281,0.9503775369731225,0.9519576453199498,0.9505313214679908,0.9522178520454209,0.9559601592323155,0.9547868745727661,0.9577942584216589
0.75,0.5087534264079757,0.5317335214222539,0.5698810652835978,0.6020113917431943,0.643388597472663,0.6819897350762415,0.7283141088341851,0.7866019615704392,0.8081596021640836,0.8272743628703801,0.8386632441210431,0.8433059243049904,0.8808304722978586,0.8946455087805614,0.893415513473478,0.9037238677900448,0.9146988118558991,0.9152200673069223,0.9164488077324251,0.9311924522516851,0.9223499638263005,0.9228833484764576,0.9347625916812975,0.9389811635307,0.941380471217247,0.9442613754251771,0.9438668806661001,0.9450922987114918,0.9434689095672213,0.9474793560143163,0.9495077722993984,0.9490073603058687,0.9502810012676748,0.9488813341789215,0.9526857197341378,0.9517813953468971,0.9546419920104615,0.9541829382684978,0.9548475543498491,0.9537745445657124,0.955944704806114
0.775,0.5135879930928495,0.5293167214278885,0.5548649891066297,0.6132479887622615,0.6732155992166479,0.7176183997496656,0.753317331069931,0.7978481061664712,0.8201991873661317,0.8608338218428712,0.8243458776701377,0.8692621883889992,0.886723102163097,0.8884913860972404,0.9105317903237344,0.9052028845961814,0.9053389965875773,0.924388105221935,0.9230363463078699,0.9334853897580551,0.9363236231897616,0.9345266813504292,0.9380125278989663,0.9388238512695086,0.9427905194570761,0.9443449590143004,0.9366689674225209,0.9424808541012534,0.9485092226200776,0.9457737514919902,0.9502569384490992,0.9486487562353861,0.9507155646483686,0.9521494887653156,0.9519711675563589,0.9517884539664655,0.9543724034555495,0.9540035871588802,0.9551067950591445,0.9546712522333982,0.9585031736813084
0.8,0.5337331404273262,0.5220689192456575,0.5675928682840101,0.6357653059155335,0.6629792330241621,0.7125254298066515,0.7422324740963387,0.7820292792374707,0.8218590536705793,0.8565462149163756,0.8509232220573693,0.8711360435719141,0.8999815733871377,0.9021450697292857,0.914239434530894,0.917485323948623,0.9154892409555341,0.9200574666569156,0.926409277211178,0.9330513290890232,0.9362452412003138,0.9393767442291999,0.939532676592482,0.939176567969272,0.9428136950855548,0.9441252693707054,0.9416437599891213,0.9452338361257061,0.9479640409761017,0.9500806532333176,0.9489805331757282,0.9508018388020805,0.9465266252304985,0.9520585686703918,0.9515205291236573,0.952753308754104,0.9528872005284885,0.9547637326427142,0.9575478513378928,0.9563706407310529,0.9566815706177102
0.825,0.5338293650692717,0.5246002593174969,0.5969835620702866,0.6169980215554985,0.6692420481191823,0.7303412682491576,0.77295610706173,0.7888771775040266,0.8278246042276987,0.8458900561500293,0.8554217252228048,0.8636480975706297,0.8911287609608017,0.9068130210290357,0.9058886960167295,0.9191478473592549,0.9257918140718119,0.9236258294766106,0.9268947009904718,0.9316291742199219,0.9240275830117811,0.9376873054694939,0.9413455555383974,0.9395246896682905,0.9426177959680287,0.9425425404489506,0.9460998151734598,0.9447725194217653,0.9455862439298788,0.9492407918775251,0.9474073579586715,0.9519893688018406,0.9511510457173113,0.9535864499579264,0.9524634859701683,0.9541081320171748,0.9550964837248411,0.9548150184176951,0.95564086576975,0.955955132714561,0.9567844194078037
0.85,0.5400716841826616,0.5566080701484789,0.6004544440000072,0.6610085567960619,0.6785355595703869,0.7259530121422555,0.7819489899712387,0.8034912991492933,0.8164513980486442,0.8473956417029328,0.8907853277254033,0.8874883658246269,0.8975565546390225,0.8970449919736571,0.908376968148928,0.9171821165905485,0.9182495784416758,0.9315577207409255,0.9292396107401278,0.9308022745760925,0.9368403985744245,0.9399372141788258,0.9415383314626092,0.9441232070346836,0.9405876009875009,0.9465102881276883,0.9477536944959419,0.9483041499672812,0.9478391793001607,0.9488045340397679,0.9493762421860775,0.9516753514509041,0.9494205878732774,0.9529338590805218,0.9523968869132912,0.9526340149420732,0.9543048586904593,0.9551686584119651,0.9544561605279924,0.9549112279147275,0.9542708632521032
0.875,0.5438957016434156,0.5618060990191996,0.6230326121589165,0.631338160905773,0.6930314764046887,0.7274699675675053,0.76484909519594,0.7859117439790485,0.8478256628539501,0.8329361963658253,0.8658651283627611,0.8756882400496854,0.8891884367521264,0.8977617090058005,0.9262660424551219,0.9237966463533916,0.9307612433139674,0.9332590637145224,0.9320316465827506,0.9344769235482077,0.9378921045517513,0.9387321191048694,0.9408520351847491,0.9440169993704909,0.9441249663080019,0.9382296915554472,0.9464078766265629,0.9469920542739361,0.9476253163762208,0.9492924955064239,0.9506662873413434,0.9519633273043929,0.9497318987511711,0.9527020091982383,0.9540863172288572,0.9535340448997544,0.953062098852922,0.9525239283076002,0.9548591821688333,0.9557654563924576,0.9562363220944949
0.9,0.5426748835385715,0.567803441475082,0.5839055534656948,0.6994975983822014,0.6967085659020144,0.7560058583691891,0.7821115553161229,0.8211058319997737,0.8272118736952566,0.8695978885228656,0.8600255120789841,0.888967471534538,0.8989350716941886,0.8994388815641645,0.9033170577086829,0.9206214374796532,0.9290954279799509,0.9242602255436428,0.9351933204459044,0.9342519002742461,0.93838924380465,0.9413539358498295,0.9414421324911454,0.9426165595259302,0.943540392065234,0.9444809507767662,0.9492173340478891,0.9445689005635152,0.9474006340024148,0.9486644793614869,0.9509622838165984,0.950111379612542,0.951931788278166,0.9542121679336861,0.9523742851791037,0.9538404741105021,0.9535621627430936,0.9544882067251339,0.9563096228669513,0.9563725456039844,0.9587461038496324
0.925,0.5499756513892623,0.6044949974364525,0.6050347676351382,0.6766819281128061,0.689060661809674,0.7316435704101034,0.7983118782296149,0.8172698186348101,0.845229210941699,0.8643148210737163,0.8883033962621822,0.8914991204829754,0.9090511218266798,0.9164064403993674,0.925642435898943,0.914651944992928,0.9278578356726295,0.932328298720881,0.9340269863983234,0.9397598672108164,0.9339195192336701,0.9400893089544701,0.9409942674821853,0.9419541471489542,0.9422662244400927,0.9445091628349042,0.9404447420394783,0.947806202195563,0.9502081868775742,0.9514978295385027,0.950865212005601,0.9504880652582016,0.951629110190994,0.9513017495192312,0.9530616199328731,0.954085922277794,0.9543779345099185,0.9554832113859238,0.9570677735953386,0.9542671371088037,0.9574266525982799
0.95,0.5575805916393182,0.5731876129485907,0.6176321876452077,0.6828064130190706,0.7283794775271836,0.7659658320531147,0.7974252104646143,0.822519332224209,0.8602267310606033,0.87690152779856,0.898263086022227,0.9026201128473806,0.9094364054924551,0.9100312085282517,0.9256462353589675,0.9285472734382044,0.9362954244292698,0.9383453375631416,0.9312959975404997,0.933328280520779,0.9374503814050034,0.9348042364022842,0.9401779212632608,0.9446260811180307,0.9444158180675708,0.9453628796198189,0.9477631101898212,0.94678269519414,0.9496056350973122,0.9501035038191115,0.9513418374264592,0.9512583230110485,0.953272409160139,0.9528611386943843,0.9515743698126581,0.9541495445796839,0.9564348788510105,0.9556041297930359,0.9564460991774608,0.9518007952538473,0.9621175777602673
0.975,0.5639024752567271,0.5746069857053521,0.6448334465252634,0.6599098154092187,0.7290964498523018,0.759222721178051,0.7952241789377813,0.8490280716123901,0.8649391238048209,0.8730788868690634,0.8944127242039747,0.9129438057072856,0.9166730191596978,0.9153835369471454,0.9220922257626586,0.9272542263877653,0.9277682459540906,0.9354918247533368,0.9351324812434234,0.9384365054541315,0.9362804318103126,0.9378571552192543,0.940639928809121,0.9400062224225045,0.9435832462879473,0.9474955295880342,0.9464405217662503,0.9484985168439365,0.9495397369376997,0.9482738819152787,0.9508010079263889,0.9513277926171788,0.9511723659010596,0.9527838067318407,0.954000140370683,0.9553088318168559,0.954613476089228,0.9546404032607289,0.9557118911718594,0.9551365821057675,0.9551023501445051
1.0,0.5521133557757134,0.566885711981276,0.6068148688661694,0.6896013183210751,0.7545400283817433,0.794015897377399,0.8180783453750565,0.8360206188833749,0.8587532434971591,0.8764958763977303,0.8990617862037723,0.9104974636646886,0.9023647420025275,0.9210316168838556,0.9258473171812865,0.9235824140318456,0.9305690299966509,0.9344718095585461,0.9350229421975638,0.9397412964661813,0.9376721986504262,0.9361983794312118,0.9445281814046884,0.9459869969815561,0.9426397181173466,0.9446451292577706,0.9467616551790468,0.9484037778032995,0.9508045647197527,0.9482026640057492,0.9500623352368565,0.9520389433246816,0.952558193319426,0.9495931419123742,0.9542318262481478,0.9557643811606198,0.9554840718513187,0.9545821830160804,0.9549201599513177,0.9570835845723198,0.9567662017187184
